Handle,Title,Body (HTML),Vendor,Type,Tags,Published,Option1 Name,Option1 Value,Option2 Name,Option2 Value,Option3 Name,Option3 Value,Variant SKU,Variant Grams,Variant Inventory Tracker,Variant Inventory Qty,Variant Inventory Policy,Variant Fulfillment Service,Variant Price,Variant Requires Shipping,Variant Taxable,Variant Weight Unit,Status,Image Src,Image Position,Image Alt Text,Metafield: everword.personalisation_kind [single_line_text_field],Metafield: everword.personalisation_label [single_line_text_field],Metafield: everword.personalisation_max [number_integer],Metafield: everword.message_card [boolean],Metafield: everword.occasions [single_line_text_field],Metafield: everword.elevator [single_line_text_field],Metafield: everword.tile_meta [single_line_text_field],Metafield: everword.specs [list.single_line_text_field],Metafield: everword.care [list.single_line_text_field]
katie-script-name,Script Name Necklace,"<p>A name or a word, cut from a single sheet in a flowing script and hung to sit at the collarbone. Up to eleven characters.</p>",Everword,Names,"Names, birthday, everyday, milestone",TRUE,Finish,Polished Stainless Steel,Presentation,Signature Everword Box,,,katie-script-name-01,60,,,continue,manual,69.00,TRUE,TRUE,g,active,,,"Script Name Necklace, photographed on a clean studio ground",name,Name or word,11,true,birthday milestone everyday,The Script,Polished Stainless Steel or 18K Yellow Gold Finish,"[""Polished stainless steel, or finished in 18K yellow gold"", ""Adjustable 16–18″ cable chain, 9 mm lobster clasp"", ""Cut to order — any name or word, up to 11 characters"", ""Letters 0.3″ (7.6 mm) high"", ""Made in the USA""]","[""Keep it dry. Take it off before showering, swimming or exercising."", ""Last on, first off. Let perfume, lotion and hairspray dry completely first."", ""Clean gently. A soft microfibre cloth, no dips and no ultrasonic cleaners."", ""Store it safely. Back in the Everword box when it is not being worn."", ""The gold is a finish. It is a plated layer over stainless steel, so skip abrasive polishes — they take the colour off rather than cleaning it.""]"
katie-script-name,,,,,,,Finish,Polished Stainless Steel,Presentation,Mahogany-Style Luxe Box,,,katie-script-name-02,60,,,continue,manual,89.00,TRUE,TRUE,g,,,,,,,,,,,,,
katie-script-name,,,,,,,Finish,18K Yellow Gold Finish,Presentation,Signature Everword Box,,,katie-script-name-03,60,,,continue,manual,79.00,TRUE,TRUE,g,,,,,,,,,,,,,
katie-script-name,,,,,,,Finish,18K Yellow Gold Finish,Presentation,Mahogany-Style Luxe Box,,,katie-script-name-04,60,,,continue,manual,99.00,TRUE,TRUE,g,,,,,,,,,,,,,
jennifer-vertical-name,Vertical Name Necklace,"<p>The same script, hung from its first letter so it reads downward rather than across. Up to eleven characters.</p>",Everword,Names,"Names, birthday, everyday, milestone",TRUE,Finish,Polished Stainless Steel,Presentation,Signature Everword Box,,,jennifer-vertical-na-01,60,,,continue,manual,69.00,TRUE,TRUE,g,active,,,"Vertical Name Necklace, photographed on a clean studio ground",name,Name or word,11,true,birthday milestone everyday,The Vertical,Polished Stainless Steel or 18K Yellow Gold Finish,"[""Polished stainless steel, or finished in 18K yellow gold"", ""Adjustable 16–18″ cable chain, 9 mm lobster clasp"", ""Cut to order — any name or word, up to 11 characters"", ""Made in the USA""]","[""Keep it dry. Take it off before showering, swimming or exercising."", ""Last on, first off. Let perfume, lotion and hairspray dry completely first."", ""Clean gently. A soft microfibre cloth, no dips and no ultrasonic cleaners."", ""Store it safely. Back in the Everword box when it is not being worn."", ""The gold is a finish. It is a plated layer over stainless steel, so skip abrasive polishes — they take the colour off rather than cleaning it.""]"
jennifer-vertical-name,,,,,,,Finish,Polished Stainless Steel,Presentation,Mahogany-Style Luxe Box,,,jennifer-vertical-na-02,60,,,continue,manual,89.00,TRUE,TRUE,g,,,,,,,,,,,,,
jennifer-vertical-name,,,,,,,Finish,18K Yellow Gold Finish,Presentation,Signature Everword Box,,,jennifer-vertical-na-03,60,,,continue,manual,79.00,TRUE,TRUE,g,,,,,,,,,,,,,
jennifer-vertical-name,,,,,,,Finish,18K Yellow Gold Finish,Presentation,Mahogany-Style Luxe Box,,,jennifer-vertical-na-04,60,,,continue,manual,99.00,TRUE,TRUE,g,,,,,,,,,,,,,
courtney-heart-name,Name Necklace with Heart,"<p>A name in script, closing on a small open heart. Up to ten characters.</p>",Everword,Names,"Names, birthday, everyday",TRUE,Finish,Polished Stainless Steel,Presentation,Signature Everword Box,,,courtney-heart-name-01,60,,,continue,manual,69.00,TRUE,TRUE,g,active,,,"Name Necklace with Heart, photographed on a clean studio ground",name,Name or word,11,true,birthday everyday,"The Script, with Heart",Polished Stainless Steel or 18K Yellow Gold Finish,"[""Polished stainless steel, or finished in 18K yellow gold"", ""Adjustable 16–18″ cable chain, 9 mm lobster clasp"", ""Cut to order — any name or word, up to 11 characters"", ""Made in the USA""]","[""Keep it dry. Take it off before showering, swimming or exercising."", ""Last on, first off. Let perfume, lotion and hairspray dry completely first."", ""Clean gently. A soft microfibre cloth, no dips and no ultrasonic cleaners."", ""Store it safely. Back in the Everword box when it is not being worn."", ""The gold is a finish. It is a plated layer over stainless steel, so skip abrasive polishes — they take the colour off rather than cleaning it.""]"
courtney-heart-name,,,,,,,Finish,Polished Stainless Steel,Presentation,Mahogany-Style Luxe Box,,,courtney-heart-name-02,60,,,continue,manual,89.00,TRUE,TRUE,g,,,,,,,,,,,,,
courtney-heart-name,,,,,,,Finish,18K Yellow Gold Finish,Presentation,Signature Everword Box,,,courtney-heart-name-03,60,,,continue,manual,79.00,TRUE,TRUE,g,,,,,,,,,,,,,
courtney-heart-name,,,,,,,Finish,18K Yellow Gold Finish,Presentation,Mahogany-Style Luxe Box,,,courtney-heart-name-04,60,,,continue,manual,99.00,TRUE,TRUE,g,,,,,,,,,,,,,
isabella-birthstone-name,Name Necklace with Birthstone,"<p>A name in script with one stone for the month someone was born. Twelve colours, one for each month — the stone is the only colour on the piece.</p>",Everword,Names,"Names, birthday",TRUE,Finish,Polished Stainless Steel,Presentation,Signature Everword Box,,,isabella-birthstone--01,60,,,continue,manual,74.00,TRUE,TRUE,g,active,,,"Name Necklace with Birthstone, photographed on a clean studio ground",name,Name or word,11,true,birthday,The Birthstone Script,Polished Stainless Steel or 18K Yellow Gold Finish,"[""Polished stainless steel, or finished in 18K yellow gold"", ""Adjustable 16–18″ cable chain, 9 mm lobster clasp"", ""Cut to order — any name or word, up to 11 characters"", ""Cubic zirconia birthstone in your choice of twelve colours"", ""Made in the USA""]","[""Keep it dry. Take it off before showering, swimming or exercising."", ""Last on, first off. Let perfume, lotion and hairspray dry completely first."", ""Clean gently. A soft microfibre cloth, no dips and no ultrasonic cleaners."", ""Store it safely. Back in the Everword box when it is not being worn."", ""The gold is a finish. It is a plated layer over stainless steel, so skip abrasive polishes — they take the colour off rather than cleaning it."", ""The stones. Warm water and a soft brush behind the settings, then dry fully before it goes away. Cubic zirconia clouds with residue long before it ever scratches.""]"
isabella-birthstone-name,,,,,,,Finish,Polished Stainless Steel,Presentation,Mahogany-Style Luxe Box,,,isabella-birthstone--02,60,,,continue,manual,94.00,TRUE,TRUE,g,,,,,,,,,,,,,
isabella-birthstone-name,,,,,,,Finish,18K Yellow Gold Finish,Presentation,Signature Everword Box,,,isabella-birthstone--03,60,,,continue,manual,84.00,TRUE,TRUE,g,,,,,,,,,,,,,
isabella-birthstone-name,,,,,,,Finish,18K Yellow Gold Finish,Presentation,Mahogany-Style Luxe Box,,,isabella-birthstone--04,60,,,continue,manual,104.00,TRUE,TRUE,g,,,,,,,,,,,,,
elizabeth-birth-flower,Birth Flower Name Necklace,"<p>An openwork bloom for the birth month, above a name in script. Choose the month and we cut the flower that belongs to it.</p>",Everword,Names,"Names, birthday, memory",TRUE,Finish,Polished Stainless Steel,Presentation,Signature Everword Box,,,elizabeth-birth-flow-01,60,,,continue,manual,74.00,TRUE,TRUE,g,active,,,"Birth Flower Name Necklace in 18K yellow gold finish, measurements and chain length",name,Name or word,11,true,birthday memory,The Birth Flower,Polished Stainless Steel or 18K Yellow Gold Finish,"[""Polished stainless steel, or finished in 18K yellow gold"", ""Adjustable 16–18″ cable chain, 9 mm lobster clasp"", ""Cut to order — any name or word, up to 11 characters"", ""Birth flower for any of the twelve months"", ""Made in the USA""]","[""Keep it dry. Take it off before showering, swimming or exercising."", ""Last on, first off. Let perfume, lotion and hairspray dry completely first."", ""Clean gently. A soft microfibre cloth, no dips and no ultrasonic cleaners."", ""Store it safely. Back in the Everword box when it is not being worn."", ""The gold is a finish. It is a plated layer over stainless steel, so skip abrasive polishes — they take the colour off rather than cleaning it."", ""The stones. Warm water and a soft brush behind the settings, then dry fully before it goes away. Cubic zirconia clouds with residue long before it ever scratches.""]"
elizabeth-birth-flower,,,,,,,Finish,Polished Stainless Steel,Presentation,Mahogany-Style Luxe Box,,,elizabeth-birth-flow-02,60,,,continue,manual,94.00,TRUE,TRUE,g,,,,,,,,,,,,,
elizabeth-birth-flower,,,,,,,Finish,18K Yellow Gold Finish,Presentation,Signature Everword Box,,,elizabeth-birth-flow-03,60,,,continue,manual,84.00,TRUE,TRUE,g,,,,,,,,,,,,,
elizabeth-birth-flower,,,,,,,Finish,18K Yellow Gold Finish,Presentation,Mahogany-Style Luxe Box,,,elizabeth-birth-flow-04,60,,,continue,manual,104.00,TRUE,TRUE,g,,,,,,,,,,,,,
signature-style-name,Signature Name Necklace,"<p>A name or a word in a fine signature hand, cut in one continuous stroke. It reads like handwriting; it is a typeface, cut cleanly, every time.</p>",Everword,Names,"Names, everyday, memory, milestone",TRUE,Finish,Polished Stainless Steel,Presentation,Signature Everword Box,,,signature-style-name-01,60,,,continue,manual,69.00,TRUE,TRUE,g,active,,,"Signature Name Necklace, photographed on a clean studio ground",name,Name or word,11,true,memory milestone everyday,The Signature,Polished Stainless Steel or 18K Yellow Gold Finish,"[""Polished stainless steel, or finished in 18K yellow gold"", ""Adjustable 16–18″ cable chain, 9 mm lobster clasp"", ""Cut to order — any name or word, up to 11 characters"", ""Made in the USA""]","[""Keep it dry. Take it off before showering, swimming or exercising."", ""Last on, first off. Let perfume, lotion and hairspray dry completely first."", ""Clean gently. A soft microfibre cloth, no dips and no ultrasonic cleaners."", ""Store it safely. Back in the Everword box when it is not being worn."", ""The gold is a finish. It is a plated layer over stainless steel, so skip abrasive polishes — they take the colour off rather than cleaning it.""]"
signature-style-name,,,,,,,Finish,Polished Stainless Steel,Presentation,Mahogany-Style Luxe Box,,,signature-style-name-02,60,,,continue,manual,89.00,TRUE,TRUE,g,,,,,,,,,,,,,
signature-style-name,,,,,,,Finish,18K Yellow Gold Finish,Presentation,Signature Everword Box,,,signature-style-name-03,60,,,continue,manual,79.00,TRUE,TRUE,g,,,,,,,,,,,,,
signature-style-name,,,,,,,Finish,18K Yellow Gold Finish,Presentation,Mahogany-Style Luxe Box,,,signature-style-name-04,60,,,continue,manual,99.00,TRUE,TRUE,g,,,,,,,,,,,,,
graduation-cap-name,Graduation Cap Name Necklace,<p>A name in script beneath a small graduation cap. The name goes on the necklace and the year goes on the card.</p>,Everword,Names,"Names, milestone",TRUE,Finish,Polished Stainless Steel,Presentation,Signature Everword Box,,,graduation-cap-name-01,60,,,continue,manual,69.00,TRUE,TRUE,g,active,,,"Graduation Cap Name Necklace, photographed on a clean studio ground",name,Name or word,11,true,milestone,The Graduate,Polished Stainless Steel or 18K Yellow Gold Finish,"[""Polished stainless steel, or finished in 18K yellow gold"", ""Adjustable 18–20″ cable chain, 9 mm lobster clasp"", ""Cut to order — any name or word, up to 11 characters"", ""Made in the USA""]","[""Keep it dry. Take it off before showering, swimming or exercising."", ""Last on, first off. Let perfume, lotion and hairspray dry completely first."", ""Clean gently. A soft microfibre cloth, no dips and no ultrasonic cleaners."", ""Store it safely. Back in the Everword box when it is not being worn."", ""The gold is a finish. It is a plated layer over stainless steel, so skip abrasive polishes — they take the colour off rather than cleaning it.""]"
graduation-cap-name,,,,,,,Finish,Polished Stainless Steel,Presentation,Mahogany-Style Luxe Box,,,graduation-cap-name-02,60,,,continue,manual,89.00,TRUE,TRUE,g,,,,,,,,,,,,,
graduation-cap-name,,,,,,,Finish,18K Yellow Gold Finish,Presentation,Signature Everword Box,,,graduation-cap-name-03,60,,,continue,manual,79.00,TRUE,TRUE,g,,,,,,,,,,,,,
graduation-cap-name,,,,,,,Finish,18K Yellow Gold Finish,Presentation,Mahogany-Style Luxe Box,,,graduation-cap-name-04,60,,,continue,manual,99.00,TRUE,TRUE,g,,,,,,,,,,,,,
paw-print-name,Paw Print Name Necklace,"<p>Cherish them forever. Their name, laser cut in gold or silver with a paw print beside it. Whether it’s a gift for a pet parent or a keepsake of your own, it’s a sweet way to keep them close every day.</p>",Everword,Names,"Names, everyday, memory, pet",TRUE,Finish,Polished Stainless Steel,Presentation,Signature Everword Box,,,paw-print-name-01,60,,,continue,manual,69.00,TRUE,TRUE,g,active,,,"Paw Print Name Necklace in stainless steel, photographed on a warm ivory ground",name,Personalize it,11,true,pet memory everyday,The Paw Print,Polished Stainless Steel or 18K Yellow Gold Finish,"[""Polished stainless steel, or finished in 18K yellow gold"", ""Adjustable 16–18″ cable chain, 9 mm lobster clasp"", ""Cut to order — any name or word, up to 11 characters"", ""Made in the USA""]","[""Keep it dry. Take it off before showering, swimming or exercising."", ""Last on, first off. Let perfume, lotion and hairspray dry completely first."", ""Clean gently. A soft microfibre cloth, no dips and no ultrasonic cleaners."", ""Store it safely. Back in the Everword box when it is not being worn."", ""The gold is a finish. It is a plated layer over stainless steel, so skip abrasive polishes — they take the colour off rather than cleaning it.""]"
paw-print-name,,,,,,,Finish,Polished Stainless Steel,Presentation,Mahogany-Style Luxe Box,,,paw-print-name-02,60,,,continue,manual,89.00,TRUE,TRUE,g,,,,,,,,,,,,,
paw-print-name,,,,,,,Finish,18K Yellow Gold Finish,Presentation,Signature Everword Box,,,paw-print-name-03,60,,,continue,manual,79.00,TRUE,TRUE,g,,,,,,,,,,,,,
paw-print-name,,,,,,,Finish,18K Yellow Gold Finish,Presentation,Mahogany-Style Luxe Box,,,paw-print-name-04,60,,,continue,manual,99.00,TRUE,TRUE,g,,,,,,,,,,,,,
multi-name,Multi-Name Necklace,<p>Up to four names cut in script and stacked on one chain. Two are included; add a third or a fourth for anyone who arrived later.</p>,Everword,Names,"Names, birthday, milestone",TRUE,Finish,Polished Stainless Steel,Presentation,Signature Everword Box,Names,1,multi-name-01,60,,,continue,manual,69.00,TRUE,TRUE,g,active,,,"Multi-Name Necklace, photographed on a clean studio ground",names,"Names or words, one per line",11,true,birthday milestone,The Family Script,Polished Stainless Steel or 18K Yellow Gold Finish,"[""Polished stainless steel, or finished in 18K yellow gold"", ""Adjustable 16–18″ cable chain, 9 mm lobster clasp"", ""Cut to order — any name or word, up to 11 characters"", ""Up to four names, each up to 11 characters"", ""Made in the USA""]","[""Keep it dry. Take it off before showering, swimming or exercising."", ""Last on, first off. Let perfume, lotion and hairspray dry completely first."", ""Clean gently. A soft microfibre cloth, no dips and no ultrasonic cleaners."", ""Store it safely. Back in the Everword box when it is not being worn."", ""The gold is a finish. It is a plated layer over stainless steel, so skip abrasive polishes — they take the colour off rather than cleaning it.""]"
multi-name,,,,,,,Finish,Polished Stainless Steel,Presentation,Signature Everword Box,Names,2,multi-name-02,60,,,continue,manual,69.00,TRUE,TRUE,g,,,,,,,,,,,,,
multi-name,,,,,,,Finish,Polished Stainless Steel,Presentation,Signature Everword Box,Names,3,multi-name-03,60,,,continue,manual,79.00,TRUE,TRUE,g,,,,,,,,,,,,,
multi-name,,,,,,,Finish,Polished Stainless Steel,Presentation,Signature Everword Box,Names,4,multi-name-04,60,,,continue,manual,89.00,TRUE,TRUE,g,,,,,,,,,,,,,
multi-name,,,,,,,Finish,Polished Stainless Steel,Presentation,Mahogany-Style Luxe Box,Names,1,multi-name-05,60,,,continue,manual,89.00,TRUE,TRUE,g,,,,,,,,,,,,,
multi-name,,,,,,,Finish,Polished Stainless Steel,Presentation,Mahogany-Style Luxe Box,Names,2,multi-name-06,60,,,continue,manual,89.00,TRUE,TRUE,g,,,,,,,,,,,,,
multi-name,,,,,,,Finish,Polished Stainless Steel,Presentation,Mahogany-Style Luxe Box,Names,3,multi-name-07,60,,,continue,manual,99.00,TRUE,TRUE,g,,,,,,,,,,,,,
multi-name,,,,,,,Finish,Polished Stainless Steel,Presentation,Mahogany-Style Luxe Box,Names,4,multi-name-08,60,,,continue,manual,109.00,TRUE,TRUE,g,,,,,,,,,,,,,
multi-name,,,,,,,Finish,18K Yellow Gold Finish,Presentation,Signature Everword Box,Names,1,multi-name-09,60,,,continue,manual,79.00,TRUE,TRUE,g,,,,,,,,,,,,,
multi-name,,,,,,,Finish,18K Yellow Gold Finish,Presentation,Signature Everword Box,Names,2,multi-name-10,60,,,continue,manual,79.00,TRUE,TRUE,g,,,,,,,,,,,,,
multi-name,,,,,,,Finish,18K Yellow Gold Finish,Presentation,Signature Everword Box,Names,3,multi-name-11,60,,,continue,manual,89.00,TRUE,TRUE,g,,,,,,,,,,,,,
multi-name,,,,,,,Finish,18K Yellow Gold Finish,Presentation,Signature Everword Box,Names,4,multi-name-12,60,,,continue,manual,99.00,TRUE,TRUE,g,,,,,,,,,,,,,
multi-name,,,,,,,Finish,18K Yellow Gold Finish,Presentation,Mahogany-Style Luxe Box,Names,1,multi-name-13,60,,,continue,manual,99.00,TRUE,TRUE,g,,,,,,,,,,,,,
multi-name,,,,,,,Finish,18K Yellow Gold Finish,Presentation,Mahogany-Style Luxe Box,Names,2,multi-name-14,60,,,continue,manual,99.00,TRUE,TRUE,g,,,,,,,,,,,,,
multi-name,,,,,,,Finish,18K Yellow Gold Finish,Presentation,Mahogany-Style Luxe Box,Names,3,multi-name-15,60,,,continue,manual,109.00,TRUE,TRUE,g,,,,,,,,,,,,,
multi-name,,,,,,,Finish,18K Yellow Gold Finish,Presentation,Mahogany-Style Luxe Box,Names,4,multi-name-16,60,,,continue,manual,119.00,TRUE,TRUE,g,,,,,,,,,,,,,
multiple-name,Name Charm Necklace,"<p>Two or three script charms side by side on one chain, each cut separately so they move against each other.</p>",Everword,Names,"Names, birthday, milestone",TRUE,Finish,Polished Stainless Steel,Presentation,Signature Everword Box,Names,2,multiple-name-01,60,,,continue,manual,79.00,TRUE,TRUE,g,active,,,"Name Charm Necklace, photographed on a clean studio ground",names,"Names or words, one per line",11,true,birthday milestone,The Name Charms,Polished Stainless Steel or 18K Yellow Gold Finish,"[""Polished stainless steel, or finished in 18K yellow gold"", ""Adjustable 16–24″ cable chain, 9 mm lobster clasp"", ""Cut to order — any name or word, up to 11 characters"", ""Two or three names, each up to 11 characters"", ""Made in the USA""]","[""Keep it dry. Take it off before showering, swimming or exercising."", ""Last on, first off. Let perfume, lotion and hairspray dry completely first."", ""Clean gently. A soft microfibre cloth, no dips and no ultrasonic cleaners."", ""Store it safely. Back in the Everword box when it is not being worn."", ""The gold is a finish. It is a plated layer over stainless steel, so skip abrasive polishes — they take the colour off rather than cleaning it.""]"
multiple-name,,,,,,,Finish,Polished Stainless Steel,Presentation,Signature Everword Box,Names,3,multiple-name-02,60,,,continue,manual,89.00,TRUE,TRUE,g,,,,,,,,,,,,,
multiple-name,,,,,,,Finish,Polished Stainless Steel,Presentation,Mahogany-Style Luxe Box,Names,2,multiple-name-03,60,,,continue,manual,99.00,TRUE,TRUE,g,,,,,,,,,,,,,
multiple-name,,,,,,,Finish,Polished Stainless Steel,Presentation,Mahogany-Style Luxe Box,Names,3,multiple-name-04,60,,,continue,manual,109.00,TRUE,TRUE,g,,,,,,,,,,,,,
multiple-name,,,,,,,Finish,18K Yellow Gold Finish,Presentation,Signature Everword Box,Names,2,multiple-name-05,60,,,continue,manual,89.00,TRUE,TRUE,g,,,,,,,,,,,,,
multiple-name,,,,,,,Finish,18K Yellow Gold Finish,Presentation,Signature Everword Box,Names,3,multiple-name-06,60,,,continue,manual,99.00,TRUE,TRUE,g,,,,,,,,,,,,,
multiple-name,,,,,,,Finish,18K Yellow Gold Finish,Presentation,Mahogany-Style Luxe Box,Names,2,multiple-name-07,60,,,continue,manual,109.00,TRUE,TRUE,g,,,,,,,,,,,,,
multiple-name,,,,,,,Finish,18K Yellow Gold Finish,Presentation,Mahogany-Style Luxe Box,Names,3,multiple-name-08,60,,,continue,manual,119.00,TRUE,TRUE,g,,,,,,,,,,,,,
couples-bar,Engravable Four-Sided Bar Necklace,"<p>A slim four-sided bar on a snake chain, engraved down two faces. A date on one, the names on the other. It turns as it hangs, so it is read a line at a time.</p>",Everword,Engraved,"Engraved, anniversary, memory, milestone",TRUE,Finish,Polished Stainless Steel,,,,,couples-bar-01,60,,,continue,manual,79.00,TRUE,TRUE,g,active,,,"Engravable Four-Sided Bar Necklace, photographed on a clean studio ground",two_line,Two engraved lines,20,true,anniversary memory milestone,The Signature Pillar,Polished Stainless Steel or 18K Yellow Gold Finish,"[""Stainless steel, or finished in 18K yellow gold"", ""Bar 50 mm × 4.7 mm, four engravable faces"", ""Adjustable 16–22″ snake chain"", ""Made in the USA""]","[""Keep it dry. Take it off before showering, swimming or exercising."", ""Last on, first off. Let perfume, lotion and hairspray dry completely first."", ""Clean gently. A soft microfibre cloth, no dips and no ultrasonic cleaners."", ""Store it safely. Back in the Everword box when it is not being worn."", ""The gold is a finish. It is a plated layer over stainless steel, so skip abrasive polishes — they take the colour off rather than cleaning it.""]"
couples-bar,,,,,,,Finish,18K Yellow Gold Finish,,,,,couples-bar-02,60,,,continue,manual,89.00,TRUE,TRUE,g,,,,,,,,,,,,,
always-and-forever,Engraved Heart Pendant,"<p>A pavé heart, engraved on the back with whatever it needs to say — or left plain, if the card is doing the talking.</p>",Everword,Engraved,"Engraved, anniversary, romance",TRUE,Finish,Polished Stainless Steel,,,,,always-and-forever-01,60,,,continue,manual,69.00,TRUE,TRUE,g,active,,,"Engraved Heart Pendant in polished stainless steel, photographed on a warm ivory ground",engrave,Engraving (optional),20,true,romance anniversary,The Engraved Heart,Polished Stainless Steel or 18K Yellow Gold Finish,"[""Polished stainless steel, or finished in 18K yellow gold"", ""Pavé-set cubic zirconia"", ""Engraving optional, up to 20 characters"", ""Made in the USA""]","[""Keep it dry. Take it off before showering, swimming or exercising."", ""Last on, first off. Let perfume, lotion and hairspray dry completely first."", ""Clean gently. A soft microfibre cloth, no dips and no ultrasonic cleaners."", ""Store it safely. Back in the Everword box when it is not being worn."", ""The gold is a finish. It is a plated layer over stainless steel, so skip abrasive polishes — they take the colour off rather than cleaning it."", ""The stones. Warm water and a soft brush behind the settings, then dry fully before it goes away. Cubic zirconia clouds with residue long before it ever scratches.""]"
always-and-forever,,,,,,,Finish,18K Yellow Gold Finish,,,,,always-and-forever-02,60,,,continue,manual,79.00,TRUE,TRUE,g,,,,,,,,,,,,,
memorial-mom,Memorial Necklace for Mom,<p>A small engraved disc beside a single feathered wing. The name goes on the disc; everything else goes on the card.</p>,Everword,In Memory,"In Memory, memory",TRUE,Finish,Polished Stainless Steel,Presentation,Signature Everword Box,,,memorial-mom-01,60,,,continue,manual,69.00,TRUE,TRUE,g,active,,,"Memorial Necklace for Mom in polished stainless steel, photographed on a warm ivory ground",name,Name on the disc,11,true,memory,In Memory — Mom,Polished Stainless Steel or 18K Yellow Gold Finish,"[""Polished stainless steel, or finished in 18K yellow gold"", ""Cubic zirconia accent"", ""Adjustable 16–18″ cable chain, 9 mm lobster clasp"", ""Engraved to order — up to 11 characters"", ""Made in the USA""]","[""Keep it dry. Take it off before showering, swimming or exercising."", ""Last on, first off. Let perfume, lotion and hairspray dry completely first."", ""Clean gently. A soft microfibre cloth, no dips and no ultrasonic cleaners."", ""Store it safely. Back in the Everword box when it is not being worn."", ""The gold is a finish. It is a plated layer over stainless steel, so skip abrasive polishes — they take the colour off rather than cleaning it.""]"
memorial-mom,,,,,,,Finish,Polished Stainless Steel,Presentation,Mahogany-Style Luxe Box,,,memorial-mom-02,60,,,continue,manual,89.00,TRUE,TRUE,g,,,,,,,,,,,,,
memorial-mom,,,,,,,Finish,18K Yellow Gold Finish,Presentation,Signature Everword Box,,,memorial-mom-03,60,,,continue,manual,79.00,TRUE,TRUE,g,,,,,,,,,,,,,
memorial-mom,,,,,,,Finish,18K Yellow Gold Finish,Presentation,Mahogany-Style Luxe Box,,,memorial-mom-04,60,,,continue,manual,99.00,TRUE,TRUE,g,,,,,,,,,,,,,
memorial-dad,Memorial Necklace for Dad,"<p>The same disc and wing, engraved for a father. Quiet enough to wear every day, which is usually the point.</p>",Everword,In Memory,"In Memory, memory",TRUE,Finish,Polished Stainless Steel,Presentation,Signature Everword Box,,,memorial-dad-01,60,,,continue,manual,69.00,TRUE,TRUE,g,active,,,"Memorial Necklace for Dad in polished stainless steel, photographed on a warm ivory ground",name,Name on the disc,11,true,memory,In Memory — Dad,Polished Stainless Steel or 18K Yellow Gold Finish,"[""Polished stainless steel, or finished in 18K yellow gold"", ""Cubic zirconia accent"", ""Adjustable 16–18″ cable chain, 9 mm lobster clasp"", ""Engraved to order — up to 11 characters"", ""Made in the USA""]","[""Keep it dry. Take it off before showering, swimming or exercising."", ""Last on, first off. Let perfume, lotion and hairspray dry completely first."", ""Clean gently. A soft microfibre cloth, no dips and no ultrasonic cleaners."", ""Store it safely. Back in the Everword box when it is not being worn."", ""The gold is a finish. It is a plated layer over stainless steel, so skip abrasive polishes — they take the colour off rather than cleaning it.""]"
memorial-dad,,,,,,,Finish,Polished Stainless Steel,Presentation,Mahogany-Style Luxe Box,,,memorial-dad-02,60,,,continue,manual,89.00,TRUE,TRUE,g,,,,,,,,,,,,,
memorial-dad,,,,,,,Finish,18K Yellow Gold Finish,Presentation,Signature Everword Box,,,memorial-dad-03,60,,,continue,manual,79.00,TRUE,TRUE,g,,,,,,,,,,,,,
memorial-dad,,,,,,,Finish,18K Yellow Gold Finish,Presentation,Mahogany-Style Luxe Box,,,memorial-dad-04,60,,,continue,manual,99.00,TRUE,TRUE,g,,,,,,,,,,,,,
love-knot-rose-box,Love Knot Necklace,<p>A brilliant reminder of the bonds that hold us together. Four bands crossing into a single knot around one round stone.</p>,Everword,Pendants,"Pendants, anniversary, romance",TRUE,Finish,14K White Gold Finish,Presentation,Signature Everword Box,,,love-knot-rose-box-01,60,,,continue,manual,79.00,TRUE,TRUE,g,active,,,"Love Knot Necklace, photographed on a clean studio ground",none,,,true,romance anniversary,The Love Knot,14K White Gold Finish or 18K Yellow Gold Finish,"[""Finish: 14K white gold or 18K yellow gold over durable stainless steel"", ""Centre stone: 6 mm round-cut cubic zirconia in a pavé-set knot"", ""Pendant 0.6″ (15.7 mm) high × 0.23″ (6 mm) wide"", ""Adjustable 18–22″ (45.7–55.9 cm) chain with a lobster clasp"", ""Made in the USA""]","[""Keep it dry. Take it off before showering, swimming or exercising."", ""Last on, first off. Let perfume, lotion and hairspray dry completely first."", ""Clean gently. A soft microfibre cloth, no dips and no ultrasonic cleaners."", ""Store it safely. Back in the Everword box when it is not being worn."", ""The gold is a finish. It is a plated layer over stainless steel, so skip abrasive polishes — they take the colour off rather than cleaning it."", ""The stones. Warm water and a soft brush behind the settings, then dry fully before it goes away. Cubic zirconia clouds with residue long before it ever scratches.""]"
love-knot-rose-box,,,,,,,Finish,14K White Gold Finish,Presentation,Mahogany-Style Luxe Box,,,love-knot-rose-box-02,60,,,continue,manual,99.00,TRUE,TRUE,g,,,,,,,,,,,,,
love-knot-rose-box,,,,,,,Finish,14K White Gold Finish,Presentation,Rose box,,,love-knot-rose-box-03,60,,,continue,manual,99.00,TRUE,TRUE,g,,,,,,,,,,,,,
love-knot-rose-box,,,,,,,Finish,18K Yellow Gold Finish,Presentation,Signature Everword Box,,,love-knot-rose-box-04,60,,,continue,manual,89.00,TRUE,TRUE,g,,,,,,,,,,,,,
love-knot-rose-box,,,,,,,Finish,18K Yellow Gold Finish,Presentation,Mahogany-Style Luxe Box,,,love-knot-rose-box-05,60,,,continue,manual,109.00,TRUE,TRUE,g,,,,,,,,,,,,,
love-knot-rose-box,,,,,,,Finish,18K Yellow Gold Finish,Presentation,Rose box,,,love-knot-rose-box-06,60,,,continue,manual,109.00,TRUE,TRUE,g,,,,,,,,,,,,,
alluring-beauty-rose-box,Pav&eacute; Halo Pendant,"<p>A ribbon of pavé folding around one large round stone, so the setting reads as movement rather than a mount.</p>",Everword,Pendants,"Pendants, anniversary, romance",TRUE,Finish,14K White Gold Finish,Presentation,Signature Everword Box,,,alluring-beauty-rose-01,60,,,continue,manual,79.00,TRUE,TRUE,g,active,,,"Pave Halo Pendant, photographed on a clean studio ground",none,,,true,romance anniversary,The Halo,14K White Gold Finish or 18K Yellow Gold Finish,"[""14K white gold finish, or 18K yellow gold finish"", ""One large round cubic zirconia with a pavé-set ribbon"", ""Adjustable cable chain"", ""Made in the USA""]","[""Keep it dry. Take it off before showering, swimming or exercising."", ""Last on, first off. Let perfume, lotion and hairspray dry completely first."", ""Clean gently. A soft microfibre cloth, no dips and no ultrasonic cleaners."", ""Store it safely. Back in the Everword box when it is not being worn."", ""The gold is a finish. It is a plated layer over stainless steel, so skip abrasive polishes — they take the colour off rather than cleaning it."", ""The stones. Warm water and a soft brush behind the settings, then dry fully before it goes away. Cubic zirconia clouds with residue long before it ever scratches.""]"
alluring-beauty-rose-box,,,,,,,Finish,14K White Gold Finish,Presentation,Mahogany-Style Luxe Box,,,alluring-beauty-rose-02,60,,,continue,manual,99.00,TRUE,TRUE,g,,,,,,,,,,,,,
alluring-beauty-rose-box,,,,,,,Finish,14K White Gold Finish,Presentation,Rose box,,,alluring-beauty-rose-03,60,,,continue,manual,99.00,TRUE,TRUE,g,,,,,,,,,,,,,
alluring-beauty-rose-box,,,,,,,Finish,18K Yellow Gold Finish,Presentation,Signature Everword Box,,,alluring-beauty-rose-04,60,,,continue,manual,89.00,TRUE,TRUE,g,,,,,,,,,,,,,
alluring-beauty-rose-box,,,,,,,Finish,18K Yellow Gold Finish,Presentation,Mahogany-Style Luxe Box,,,alluring-beauty-rose-05,60,,,continue,manual,109.00,TRUE,TRUE,g,,,,,,,,,,,,,
alluring-beauty-rose-box,,,,,,,Finish,18K Yellow Gold Finish,Presentation,Rose box,,,alluring-beauty-rose-06,60,,,continue,manual,109.00,TRUE,TRUE,g,,,,,,,,,,,,,
forever-love-rose-box,Open Heart Pendant,"<p>An open heart drawn in one unbroken line, with a single stone set at the turn.</p>",Everword,Pendants,"Pendants, anniversary, romance",TRUE,Presentation,Signature Everword Box,,,,,forever-love-rose-bo-01,60,,,continue,manual,79.00,TRUE,TRUE,g,active,,,"Open Heart Pendant, photographed on a clean studio ground",none,,,true,romance anniversary,The Open Heart,,"[""14K white gold finish"", ""One round cubic zirconia set at the curve"", ""Adjustable cable chain"", ""Made in the USA""]","[""Keep it dry. Take it off before showering, swimming or exercising."", ""Last on, first off. Let perfume, lotion and hairspray dry completely first."", ""Clean gently. A soft microfibre cloth, no dips and no ultrasonic cleaners."", ""Store it safely. Back in the Everword box when it is not being worn."", ""The stones. Warm water and a soft brush behind the settings, then dry fully before it goes away. Cubic zirconia clouds with residue long before it ever scratches.""]"
forever-love-rose-box,,,,,,,Presentation,Mahogany-Style Luxe Box,,,,,forever-love-rose-bo-02,60,,,continue,manual,99.00,TRUE,TRUE,g,,,,,,,,,,,,,
forever-love-rose-box,,,,,,,Presentation,Rose box,,,,,forever-love-rose-bo-03,60,,,continue,manual,99.00,TRUE,TRUE,g,,,,,,,,,,,,,
eternal-hope-halo,Halo Solitaire Pendant,"<p>One cushion-cut stone ringed by a halo of smaller ones, on a fine box chain. The plainest thing we sell, and the one that goes with everything.</p>",Everword,Keepsakes,"Keepsakes, anniversary, milestone",TRUE,Presentation,Signature Everword Box,,,,,eternal-hope-halo-01,60,,,continue,manual,79.00,TRUE,TRUE,g,active,,,"Halo Solitaire Pendant, photographed on a clean studio ground",none,,,true,milestone anniversary,The Solitaire,,"[""14K white gold finish"", ""8 mm cushion-cut cubic zirconia in a 1.2 mm halo"", ""Pendant 14 mm × 11.6 mm"", ""Fine box chain"", ""Made in the USA""]","[""Keep it dry. Take it off before showering, swimming or exercising."", ""Last on, first off. Let perfume, lotion and hairspray dry completely first."", ""Clean gently. A soft microfibre cloth, no dips and no ultrasonic cleaners."", ""Store it safely. Back in the Everword box when it is not being worn."", ""The stones. Warm water and a soft brush behind the settings, then dry fully before it goes away. Cubic zirconia clouds with residue long before it ever scratches.""]"
eternal-hope-halo,,,,,,,Presentation,Mahogany-Style Luxe Box,,,,,eternal-hope-halo-02,60,,,continue,manual,99.00,TRUE,TRUE,g,,,,,,,,,,,,,
lucky-horseshoe,Dancing Stone Pendant,"<p>A single stone suspended between two fine points, touching neither. It catches the light as you move because nothing is holding it still.</p>",Everword,Keepsakes,"Keepsakes, everyday, milestone",TRUE,Presentation,Signature Everword Box,,,,,lucky-horseshoe-01,60,,,continue,manual,79.00,TRUE,TRUE,g,active,,,"Dancing Stone Pendant, photographed on a clean studio ground",none,,,true,everyday milestone,The Dancing Stone,,"[""White gold finish"", ""Pendant 19.5 mm × 16 mm"", ""Floating cubic zirconia centre stone"", ""Adjustable cable chain"", ""Made in the USA""]","[""Keep it dry. Take it off before showering, swimming or exercising."", ""Last on, first off. Let perfume, lotion and hairspray dry completely first."", ""Clean gently. A soft microfibre cloth, no dips and no ultrasonic cleaners."", ""Store it safely. Back in the Everword box when it is not being worn."", ""The stones. Warm water and a soft brush behind the settings, then dry fully before it goes away. Cubic zirconia clouds with residue long before it ever scratches.""]"
lucky-horseshoe,,,,,,,Presentation,Mahogany-Style Luxe Box,,,,,lucky-horseshoe-02,60,,,continue,manual,99.00,TRUE,TRUE,g,,,,,,,,,,,,,
interlocking-hearts,Interlocking Hearts Pendant,"<p>Two hearts threaded through one another, one white and one rose. They cannot be separated without cutting them, which is a better metaphor than we intended.</p>",Everword,Keepsakes,"Keepsakes, anniversary, romance",TRUE,Finish,14K White Gold with Rose Gold,Presentation,Signature Everword Box,,,interlocking-hearts-01,60,,,continue,manual,79.00,TRUE,TRUE,g,active,,,"Interlocking Hearts Pendant, photographed on a clean studio ground",none,,,true,romance anniversary,The Interlocking Hearts,14K White Gold with Rose Gold or 18K Yellow Gold Finish,"[""14K white gold with rose gold, or 18K yellow gold finish"", ""Pendant 15 mm × 28 mm"", ""Cubic zirconia set along the edges"", ""Adjustable 18–22″ cable chain"", ""Made in the USA""]","[""Keep it dry. Take it off before showering, swimming or exercising."", ""Last on, first off. Let perfume, lotion and hairspray dry completely first."", ""Clean gently. A soft microfibre cloth, no dips and no ultrasonic cleaners."", ""Store it safely. Back in the Everword box when it is not being worn."", ""The gold is a finish. It is a plated layer over stainless steel, so skip abrasive polishes — they take the colour off rather than cleaning it."", ""The stones. Warm water and a soft brush behind the settings, then dry fully before it goes away. Cubic zirconia clouds with residue long before it ever scratches.""]"
interlocking-hearts,,,,,,,Finish,14K White Gold with Rose Gold,Presentation,Mahogany-Style Luxe Box,,,interlocking-hearts-02,60,,,continue,manual,99.00,TRUE,TRUE,g,,,,,,,,,,,,,
interlocking-hearts,,,,,,,Finish,18K Yellow Gold Finish,Presentation,Signature Everword Box,,,interlocking-hearts-03,60,,,continue,manual,89.00,TRUE,TRUE,g,,,,,,,,,,,,,
interlocking-hearts,,,,,,,Finish,18K Yellow Gold Finish,Presentation,Mahogany-Style Luxe Box,,,interlocking-hearts-04,60,,,continue,manual,109.00,TRUE,TRUE,g,,,,,,,,,,,,,
love-knot-earrings-set,Love Knot Necklace &amp; Earring Set,"<p>A brilliant reflection of the bonds that tie us together. The love knot pendant with the two studs that match it — one box, one card, three pieces.</p>",Everword,Keepsakes,"Keepsakes, anniversary, romance",TRUE,Presentation,Signature Everword Box,,,,,love-knot-earrings-s-01,60,,,continue,manual,99.00,TRUE,TRUE,g,active,,,"Love Knot Necklace and Earring Set, photographed on a clean studio ground",none,,,true,romance anniversary,The Love Knot Set,,"[""14K white gold finish over durable stainless steel"", ""Centre stones: 6 mm round-cut cubic zirconia, one in the pendant and one in each stud"", ""Adjustable 18–22″ (45.7–55.9 cm) cable chain with a lobster clasp"", ""Earrings: matching knot design on secure posts"", ""Made in the USA""]","[""Keep it dry. Take it off before showering, swimming or exercising."", ""Last on, first off. Let perfume, lotion and hairspray dry completely first."", ""Clean gently. A soft microfibre cloth, no dips and no ultrasonic cleaners."", ""Store it safely. Back in the Everword box when it is not being worn."", ""The stones. Warm water and a soft brush behind the settings, then dry fully before it goes away. Cubic zirconia clouds with residue long before it ever scratches.""]"
love-knot-earrings-set,,,,,,,Presentation,Mahogany-Style Luxe Box,,,,,love-knot-earrings-s-02,60,,,continue,manual,119.00,TRUE,TRUE,g,,,,,,,,,,,,,
wood-watch,Wooden Watch,"<p>A sandalwood case on a black leather strap, light enough that you stop noticing it. The caseback is engraved with whatever you want him to read when he takes it off.</p>",Everword,For Him,"For Him, him",TRUE,Title,Default Title,,,,,wood-watch-01,60,,,continue,manual,119.00,TRUE,TRUE,g,active,,,"Wooden Watch, photographed on a clean studio ground",engrave,Message on the caseback,40,true,him,The Wood Chronograph,,"[""Sandalwood case, 45 mm"", ""Japanese quartz movement"", ""Genuine leather strap"", ""Engraved caseback — up to 40 characters"", ""Splash resistant only (IPX-4) — not for swimming or showering"", ""Arrives in a wooden presentation box"", ""Made in the USA""]","[""Keep it dry. Take it off before showering, swimming or exercising."", ""Last on, first off. Let perfume, lotion and hairspray dry completely first."", ""Clean gently. A soft microfibre cloth, no dips and no ultrasonic cleaners."", ""Store it safely. Back in the Everword box when it is not being worn."", ""Wood is porous. Keep it out of prolonged sun and away from water entirely; wipe with a dry cloth only."", ""The movement. Have the battery changed by a jeweller rather than levering the case back yourself.""]"
chronograph-watch,Black Chronograph Watch,"<p>A 316L steel case over a copper dial, with three subdials. The dressiest of the three, and the one that reads best under a cuff.</p>",Everword,For Him,"For Him, him",TRUE,Title,Default Title,,,,,chronograph-watch-01,60,,,continue,manual,139.00,TRUE,TRUE,g,active,,,"Black Chronograph Watch, photographed on a clean studio ground",engrave,Message on the caseback,40,true,him,The Midnight Chronograph,,"[""316L stainless steel case, 38.1 mm face"", ""Copper dial, three subdials"", ""Quartz movement"", ""3 ATM water resistant"", ""Engraved caseback — up to 40 characters"", ""Arrives in a wooden presentation box"", ""Made in the USA""]","[""Keep it dry. Take it off before showering, swimming or exercising."", ""Last on, first off. Let perfume, lotion and hairspray dry completely first."", ""Clean gently. A soft microfibre cloth, no dips and no ultrasonic cleaners."", ""Store it safely. Back in the Everword box when it is not being worn."", ""The movement. Have the battery changed by a jeweller rather than levering the case back yourself.""]"
openwork-watch,Open-Work Automatic Watch,"<p>A skeleton dial with the movement left visible, and no battery in it — it winds itself from the motion of his wrist.</p>",Everword,For Him,"For Him, him",TRUE,Title,Default Title,,,,,openwork-watch-01,60,,,continue,manual,159.00,TRUE,TRUE,g,active,,,"Open-Work Automatic Watch, photographed on a clean studio ground",engrave,Message on the caseback,40,true,him,The Open-Work Automatic,,"[""Automatic movement — self-winding, no battery"", ""Open-work skeleton dial"", ""Genuine leather strap"", ""3 ATM water resistant"", ""Engraved caseback — up to 40 characters"", ""Arrives in a lit presentation box"", ""Made in the USA""]","[""Keep it dry. Take it off before showering, swimming or exercising."", ""Last on, first off. Let perfume, lotion and hairspray dry completely first."", ""Clean gently. A soft microfibre cloth, no dips and no ultrasonic cleaners."", ""Store it safely. Back in the Everword box when it is not being worn."", ""The movement. Have the battery changed by a jeweller rather than levering the case back yourself.""]"
baby-feet-birthstone,Baby Feet Pendant with Birthstone,"<p>A small engraved footprint for each child, with one stone for the month they arrived. One charm is included; add up to three more.</p>",Everword,A New Baby,"A New Baby, baby",TRUE,Finish,Polished Stainless Steel,Presentation,Signature Everword Box,Charms,1,baby-feet-birthstone-01,60,,,continue,manual,69.00,TRUE,TRUE,g,active,,,"Baby Feet Pendant with Birthstone, photographed on a clean studio ground",names,"Names, one per line",10,true,baby,The First Footprint,Polished Stainless Steel or 18K Yellow Gold Finish,"[""Polished stainless steel, or finished in 18K yellow gold"", ""Charm 20.57 mm × 12.45 mm"", ""Engraved to order — up to 10 characters per charm"", ""Up to four charms, each with a birthstone"", ""Cubic zirconia birthstone in your choice of twelve colours"", ""Fine box chain"", ""Made in the USA""]","[""Keep it dry. Take it off before showering, swimming or exercising."", ""Last on, first off. Let perfume, lotion and hairspray dry completely first."", ""Clean gently. A soft microfibre cloth, no dips and no ultrasonic cleaners."", ""Store it safely. Back in the Everword box when it is not being worn."", ""The gold is a finish. It is a plated layer over stainless steel, so skip abrasive polishes — they take the colour off rather than cleaning it."", ""The stones. Warm water and a soft brush behind the settings, then dry fully before it goes away. Cubic zirconia clouds with residue long before it ever scratches.""]"
baby-feet-birthstone,,,,,,,Finish,Polished Stainless Steel,Presentation,Signature Everword Box,Charms,2,baby-feet-birthstone-02,60,,,continue,manual,79.00,TRUE,TRUE,g,,,,,,,,,,,,,
baby-feet-birthstone,,,,,,,Finish,Polished Stainless Steel,Presentation,Signature Everword Box,Charms,3,baby-feet-birthstone-03,60,,,continue,manual,89.00,TRUE,TRUE,g,,,,,,,,,,,,,
baby-feet-birthstone,,,,,,,Finish,Polished Stainless Steel,Presentation,Signature Everword Box,Charms,4,baby-feet-birthstone-04,60,,,continue,manual,99.00,TRUE,TRUE,g,,,,,,,,,,,,,
baby-feet-birthstone,,,,,,,Finish,Polished Stainless Steel,Presentation,Mahogany-Style Luxe Box,Charms,1,baby-feet-birthstone-05,60,,,continue,manual,89.00,TRUE,TRUE,g,,,,,,,,,,,,,
baby-feet-birthstone,,,,,,,Finish,Polished Stainless Steel,Presentation,Mahogany-Style Luxe Box,Charms,2,baby-feet-birthstone-06,60,,,continue,manual,99.00,TRUE,TRUE,g,,,,,,,,,,,,,
baby-feet-birthstone,,,,,,,Finish,Polished Stainless Steel,Presentation,Mahogany-Style Luxe Box,Charms,3,baby-feet-birthstone-07,60,,,continue,manual,109.00,TRUE,TRUE,g,,,,,,,,,,,,,
baby-feet-birthstone,,,,,,,Finish,Polished Stainless Steel,Presentation,Mahogany-Style Luxe Box,Charms,4,baby-feet-birthstone-08,60,,,continue,manual,119.00,TRUE,TRUE,g,,,,,,,,,,,,,
baby-feet-birthstone,,,,,,,Finish,18K Yellow Gold Finish,Presentation,Signature Everword Box,Charms,1,baby-feet-birthstone-09,60,,,continue,manual,79.00,TRUE,TRUE,g,,,,,,,,,,,,,
baby-feet-birthstone,,,,,,,Finish,18K Yellow Gold Finish,Presentation,Signature Everword Box,Charms,2,baby-feet-birthstone-10,60,,,continue,manual,89.00,TRUE,TRUE,g,,,,,,,,,,,,,
baby-feet-birthstone,,,,,,,Finish,18K Yellow Gold Finish,Presentation,Signature Everword Box,Charms,3,baby-feet-birthstone-11,60,,,continue,manual,99.00,TRUE,TRUE,g,,,,,,,,,,,,,
baby-feet-birthstone,,,,,,,Finish,18K Yellow Gold Finish,Presentation,Signature Everword Box,Charms,4,baby-feet-birthstone-12,60,,,continue,manual,109.00,TRUE,TRUE,g,,,,,,,,,,,,,
baby-feet-birthstone,,,,,,,Finish,18K Yellow Gold Finish,Presentation,Mahogany-Style Luxe Box,Charms,1,baby-feet-birthstone-13,60,,,continue,manual,99.00,TRUE,TRUE,g,,,,,,,,,,,,,
baby-feet-birthstone,,,,,,,Finish,18K Yellow Gold Finish,Presentation,Mahogany-Style Luxe Box,Charms,2,baby-feet-birthstone-14,60,,,continue,manual,109.00,TRUE,TRUE,g,,,,,,,,,,,,,
baby-feet-birthstone,,,,,,,Finish,18K Yellow Gold Finish,Presentation,Mahogany-Style Luxe Box,Charms,3,baby-feet-birthstone-15,60,,,continue,manual,119.00,TRUE,TRUE,g,,,,,,,,,,,,,
baby-feet-birthstone,,,,,,,Finish,18K Yellow Gold Finish,Presentation,Mahogany-Style Luxe Box,Charms,4,baby-feet-birthstone-16,60,,,continue,manual,129.00,TRUE,TRUE,g,,,,,,,,,,,,,
baby-feet-heart,Baby Feet Heart Pendant,"<p>Rose-gold baby feet held at the centre of a crystal-edged heart. Sold ready to give, in the lit box.</p>",Everword,A New Baby,"A New Baby, baby",TRUE,Title,Default Title,,,,,baby-feet-heart-01,60,,,continue,manual,79.00,TRUE,TRUE,g,active,,,"Baby Feet Heart Pendant, photographed on a clean studio ground",none,,,true,baby,"The First Footprint, Heart",,"[""Rose gold feet on a white gold finish heart"", ""Cubic zirconia set around the heart outline"", ""Adjustable cable chain"", ""Arrives in a lit presentation box"", ""Made in the USA""]","[""Keep it dry. Take it off before showering, swimming or exercising."", ""Last on, first off. Let perfume, lotion and hairspray dry completely first."", ""Clean gently. A soft microfibre cloth, no dips and no ultrasonic cleaners."", ""Store it safely. Back in the Everword box when it is not being worn.""]"
engraved-cuff,Engravable Cuff Bracelet,"<p>An open cuff with a flat face, engraved on the inside so the words sit against the wrist and nobody else reads them. Slips on sideways and holds its shape.</p>",Everword,Bracelets,"Bracelets, anniversary, everyday, him, milestone",TRUE,Finish,Polished Stainless Steel,,,,,engraved-cuff-01,60,,,continue,manual,79.00,TRUE,TRUE,g,active,,,"Engravable Cuff Bracelet in 18K yellow gold finish, worn, showing its true size",engrave,Engraving,30,true,anniversary milestone everyday him,The Cuff,Polished Stainless Steel or 18K Yellow Gold Finish,"[""Polished stainless steel, or finished in 18K yellow gold"", ""Open cuff, one size — adjusts by gentle bending"", ""Engraved to order — up to 30 characters, inside or outside"", ""Made in the USA""]","[""Keep it dry. Take it off before showering, swimming or exercising."", ""Last on, first off. Let perfume, lotion and hairspray dry completely first."", ""Clean gently. A soft microfibre cloth, no dips and no ultrasonic cleaners."", ""Store it safely. Back in the Everword box when it is not being worn."", ""The gold is a finish. It is a plated layer over stainless steel, so skip abrasive polishes — they take the colour off rather than cleaning it.""]"
engraved-cuff,,,,,,,Finish,18K Yellow Gold Finish,,,,,engraved-cuff-02,60,,,continue,manual,89.00,TRUE,TRUE,g,,,,,,,,,,,,,
womens-ring,Women&rsquo;s Engraved Ring,"<p>A slim band with a flat face, engraved with a date, a name or a line only one person will understand. Comfort-fit, so it turns without catching.</p>",Everword,Rings,"Rings, anniversary, milestone, romance",TRUE,Finish,Polished Stainless Steel,Ring size,5,,,womens-ring-01,60,,,continue,manual,69.00,TRUE,TRUE,g,active,,,"Women's Engraved Ring in 18K yellow gold finish, photographed on a clean studio ground",engrave,Engraving,30,true,romance anniversary milestone,The Band,Polished Stainless Steel or 18K Yellow Gold Finish,"[""Polished stainless steel, or finished in 18K yellow gold"", ""Comfort-fit band, 4 mm wide"", ""Engraved to order — up to 30 characters"", ""Whole sizes 5 to 10"", ""Made in the USA""]","[""Keep it dry. Take it off before showering, swimming or exercising."", ""Last on, first off. Let perfume, lotion and hairspray dry completely first."", ""Clean gently. A soft microfibre cloth, no dips and no ultrasonic cleaners."", ""Store it safely. Back in the Everword box when it is not being worn."", ""The gold is a finish. It is a plated layer over stainless steel, so skip abrasive polishes — they take the colour off rather than cleaning it.""]"
womens-ring,,,,,,,Finish,Polished Stainless Steel,Ring size,6,,,womens-ring-02,60,,,continue,manual,69.00,TRUE,TRUE,g,,,,,,,,,,,,,
womens-ring,,,,,,,Finish,Polished Stainless Steel,Ring size,7,,,womens-ring-03,60,,,continue,manual,69.00,TRUE,TRUE,g,,,,,,,,,,,,,
womens-ring,,,,,,,Finish,Polished Stainless Steel,Ring size,8,,,womens-ring-04,60,,,continue,manual,69.00,TRUE,TRUE,g,,,,,,,,,,,,,
womens-ring,,,,,,,Finish,Polished Stainless Steel,Ring size,9,,,womens-ring-05,60,,,continue,manual,69.00,TRUE,TRUE,g,,,,,,,,,,,,,
womens-ring,,,,,,,Finish,Polished Stainless Steel,Ring size,10,,,womens-ring-06,60,,,continue,manual,69.00,TRUE,TRUE,g,,,,,,,,,,,,,
womens-ring,,,,,,,Finish,18K Yellow Gold Finish,Ring size,5,,,womens-ring-07,60,,,continue,manual,79.00,TRUE,TRUE,g,,,,,,,,,,,,,
womens-ring,,,,,,,Finish,18K Yellow Gold Finish,Ring size,6,,,womens-ring-08,60,,,continue,manual,79.00,TRUE,TRUE,g,,,,,,,,,,,,,
womens-ring,,,,,,,Finish,18K Yellow Gold Finish,Ring size,7,,,womens-ring-09,60,,,continue,manual,79.00,TRUE,TRUE,g,,,,,,,,,,,,,
womens-ring,,,,,,,Finish,18K Yellow Gold Finish,Ring size,8,,,womens-ring-10,60,,,continue,manual,79.00,TRUE,TRUE,g,,,,,,,,,,,,,
womens-ring,,,,,,,Finish,18K Yellow Gold Finish,Ring size,9,,,womens-ring-11,60,,,continue,manual,79.00,TRUE,TRUE,g,,,,,,,,,,,,,
womens-ring,,,,,,,Finish,18K Yellow Gold Finish,Ring size,10,,,womens-ring-12,60,,,continue,manual,79.00,TRUE,TRUE,g,,,,,,,,,,,,,
mens-ring,Men&rsquo;s Engraved Ring,"<p>A wider band in steel, gold finish or black, engraved on the outside face. Heavy enough to notice and plain enough to wear to anything.</p>",Everword,Rings,"Rings, anniversary, him, milestone",TRUE,Finish,Polished Stainless Steel,Ring size,8,,,mens-ring-01,60,,,continue,manual,69.00,TRUE,TRUE,g,active,,,"Men's Engraved Ring in black, photographed on a clean studio ground",engrave,Engraving,30,true,him anniversary milestone,The Wide Band,Polished Stainless Steel or 18K Yellow Gold Finish or Black IP-Plated Steel,"[""Polished stainless steel, 18K yellow gold finish, or black IP-plated"", ""Comfort-fit band, 8 mm wide"", ""Engraved to order — up to 30 characters"", ""Whole sizes 8 to 13"", ""Made in the USA""]","[""Keep it dry. Take it off before showering, swimming or exercising."", ""Last on, first off. Let perfume, lotion and hairspray dry completely first."", ""Clean gently. A soft microfibre cloth, no dips and no ultrasonic cleaners."", ""Store it safely. Back in the Everword box when it is not being worn."", ""The gold is a finish. It is a plated layer over stainless steel, so skip abrasive polishes — they take the colour off rather than cleaning it.""]"
mens-ring,,,,,,,Finish,Polished Stainless Steel,Ring size,9,,,mens-ring-02,60,,,continue,manual,69.00,TRUE,TRUE,g,,,,,,,,,,,,,
mens-ring,,,,,,,Finish,Polished Stainless Steel,Ring size,10,,,mens-ring-03,60,,,continue,manual,69.00,TRUE,TRUE,g,,,,,,,,,,,,,
mens-ring,,,,,,,Finish,Polished Stainless Steel,Ring size,11,,,mens-ring-04,60,,,continue,manual,69.00,TRUE,TRUE,g,,,,,,,,,,,,,
mens-ring,,,,,,,Finish,Polished Stainless Steel,Ring size,12,,,mens-ring-05,60,,,continue,manual,69.00,TRUE,TRUE,g,,,,,,,,,,,,,
mens-ring,,,,,,,Finish,Polished Stainless Steel,Ring size,13,,,mens-ring-06,60,,,continue,manual,69.00,TRUE,TRUE,g,,,,,,,,,,,,,
mens-ring,,,,,,,Finish,18K Yellow Gold Finish,Ring size,8,,,mens-ring-07,60,,,continue,manual,79.00,TRUE,TRUE,g,,,,,,,,,,,,,
mens-ring,,,,,,,Finish,18K Yellow Gold Finish,Ring size,9,,,mens-ring-08,60,,,continue,manual,79.00,TRUE,TRUE,g,,,,,,,,,,,,,
mens-ring,,,,,,,Finish,18K Yellow Gold Finish,Ring size,10,,,mens-ring-09,60,,,continue,manual,79.00,TRUE,TRUE,g,,,,,,,,,,,,,
mens-ring,,,,,,,Finish,18K Yellow Gold Finish,Ring size,11,,,mens-ring-10,60,,,continue,manual,79.00,TRUE,TRUE,g,,,,,,,,,,,,,
mens-ring,,,,,,,Finish,18K Yellow Gold Finish,Ring size,12,,,mens-ring-11,60,,,continue,manual,79.00,TRUE,TRUE,g,,,,,,,,,,,,,
mens-ring,,,,,,,Finish,18K Yellow Gold Finish,Ring size,13,,,mens-ring-12,60,,,continue,manual,79.00,TRUE,TRUE,g,,,,,,,,,,,,,
mens-ring,,,,,,,Finish,Black IP-Plated Steel,Ring size,8,,,mens-ring-13,60,,,continue,manual,79.00,TRUE,TRUE,g,,,,,,,,,,,,,
mens-ring,,,,,,,Finish,Black IP-Plated Steel,Ring size,9,,,mens-ring-14,60,,,continue,manual,79.00,TRUE,TRUE,g,,,,,,,,,,,,,
mens-ring,,,,,,,Finish,Black IP-Plated Steel,Ring size,10,,,mens-ring-15,60,,,continue,manual,79.00,TRUE,TRUE,g,,,,,,,,,,,,,
mens-ring,,,,,,,Finish,Black IP-Plated Steel,Ring size,11,,,mens-ring-16,60,,,continue,manual,79.00,TRUE,TRUE,g,,,,,,,,,,,,,
mens-ring,,,,,,,Finish,Black IP-Plated Steel,Ring size,12,,,mens-ring-17,60,,,continue,manual,79.00,TRUE,TRUE,g,,,,,,,,,,,,,
mens-ring,,,,,,,Finish,Black IP-Plated Steel,Ring size,13,,,mens-ring-18,60,,,continue,manual,79.00,TRUE,TRUE,g,,,,,,,,,,,,,
magnetic-hearts,Magnetic Two-Heart Pendant,"<p>Closed, it reads as a four-leaf clover. Held, it separates into two halves that each hold their own heart — one to keep and one to give.</p>",Everword,Keepsakes,"Keepsakes, everyday, romance",TRUE,Presentation,Signature Everword Box,,,,,magnetic-hearts-01,60,,,continue,manual,79.00,TRUE,TRUE,g,active,,,"Magnetic Two-Heart Pendant in polished stainless steel, in its gift box",none,,,true,romance everyday,The Two Hearts,,"[""White gold finish"", ""Pavé-set cubic zirconia"", ""Separates into two heart halves, held closed by magnets"", ""Adjustable cable chain"", ""Made in the USA""]","[""Keep it dry. Take it off before showering, swimming or exercising."", ""Last on, first off. Let perfume, lotion and hairspray dry completely first."", ""Clean gently. A soft microfibre cloth, no dips and no ultrasonic cleaners."", ""Store it safely. Back in the Everword box when it is not being worn."", ""The stones. Warm water and a soft brush behind the settings, then dry fully before it goes away. Cubic zirconia clouds with residue long before it ever scratches.""]"
magnetic-hearts,,,,,,,Presentation,Mahogany-Style Luxe Box,,,,,magnetic-hearts-02,60,,,continue,manual,99.00,TRUE,TRUE,g,,,,,,,,,,,,,
