Handle,Title,Body HTML,Published,Template Suffix,Metafield: everword.summary [single_line_text_field]
our-story,Our story,"<p>We founded Everword because we noticed a gap in the world of gifting. You could either buy impersonal fine jewelry with an astronomical markup, or affordable pieces that tarnished before the next season. We wanted to create a space where you could find timeless, accessible luxury designed specifically to honor the people and milestones that matter most.</p>
 <h3>Our Philosophy</h3>
 <p>We don&rsquo;t just sell jewelry; we craft wearable memories. Every piece in our collection is guided by three core principles:</p>
 <ul>
  <li><b>Intention.</b> From custom-engraved bars to birth month botanicals, our designs are blank canvases for your personal history.</li>
  <li><b>Endurance.</b> We utilize highly resilient materials &mdash; stainless steel and radiant 18K gold finishes &mdash; so your pieces can be lived in daily and beautifully stand the test of time.</li>
  <li><b>Experience.</b> We believe the magic of a gift begins before it is even worn, which is why every Everword piece arrives in our signature, presentation-ready packaging.</li>
 </ul>
 <h3>Crafted for Your Chapters</h3>
 <p>Whether you are celebrating a quiet victory, honoring a memory that will never fade, or simply reminding someone of their worth, we are here to help you mark the occasion.</p>
 <p>Welcome to Everword. Beautifully crafted pieces for every chapter of your story.</p>
 <p class=""ded"">For Faye.</p>",TRUE,,"Life is a collection of chapters — some quiet and everyday, others monumental and life-changing. At Everword, we believe these moments deserve to be anchored in something tangible."
materials,Materials,"<p>We'd rather say this here than let you discover it when the box opens.</p>
 <h3>Metal</h3>
 <p>Our name necklaces are <strong>polished stainless steel, or stainless steel finished in 18K
 yellow gold</strong>. Our stone-set pendants &mdash; the Love Knot, the Pav&eacute; Halo, the
 Interlocking Hearts and the Halo Solitaire &mdash; are finished in <strong>14K white gold or 18K
 yellow gold</strong>. Those are finishes over steel. Nothing here is solid gold, and we don&rsquo;t
 describe it as solid gold anywhere. Steel is the reason these pieces survive daily wear, showers
 and sleeves far better than plated brass.</p>
 <p>The finish available is listed on each product page, because it genuinely differs by piece.</p>
 <h3>Stones</h3>
 <p>Set stones are <strong>cubic zirconia</strong>, not diamonds. Birthstones are coloured crystal.
 Cubic zirconia is cut and polished like a gemstone and reads brilliantly in daylight; it is simply
 not a diamond, and we won&rsquo;t imply otherwise.</p>
 <h3>Chains</h3>
 <p>Most pieces come on an <strong>adjustable 16&ndash;18&Prime; cable chain with a 9&nbsp;mm lobster
 clasp</strong>. Some keepsakes use a fine box chain; the four-sided bar uses a 16&ndash;22&Prime;
 snake chain so it turns as it hangs; the Graduation Cap sits on 18&ndash;20&Prime;, and the Name
 Charm necklace on 16&ndash;24&Prime;. Chain type and length are listed on every product page.</p>
 <h3>Watches</h3>
 <p>The <strong>Open-Work</strong> is an <strong>automatic</strong> movement &mdash; no battery, wound
 by wearing it &mdash; with a skeleton dial, hardened mineral glass and a genuine black leather band,
 water resistant to 3&nbsp;ATM. The <strong>Chronograph</strong> is 316L stainless steel with a copper
 dial and a quartz movement, also 3&nbsp;ATM. The <strong>Wooden Watch</strong> is a 45&nbsp;mm
 sandalwood case on leather with a Japanese quartz movement and is <strong>IPX-4 splash resistant
 only &mdash; keep it away from swimming and showers</strong>. All three have an engravable caseback
 and arrive in a mahogany-style luxury box with an LED.</p>
 <h3>Sensitive skin</h3>
 <p>Stainless steel is what most people with reactive skin get on best with, but we have not had
 nickel content confirmed to us in writing, so we won&rsquo;t call these pieces hypoallergenic.</p>",TRUE,,What things are actually made of.
message-card,The message card,"<p>Every order includes a printed card, at no extra cost. It sits in the lid of the box, above
 the piece, so it's read before the jewellery is lifted out.</p>
 <p>Cards are printed square and sized to sit in the lid of the box. Your message is set in the middle, where the chain
 and pendant don't cover it.</p>
 <h3>Writing it</h3>
 <p>You can write your own, or start from one of ours and change it. Choose the occasion on the
 product page and we'll suggest a few lines that fit &mdash; a birthday reads differently from a
 memorial, and the suggestions change accordingly.</p>
 <p>Around 200 characters sits comfortably. Shorter is usually better; the best cards we've seen say
 one specific thing rather than three general ones.</p>
 
 <h3>Before we print</h3>
 <p>The preview on the product page <strong>is</strong> the proof. What you see there is what we
 print &mdash; there's no second approval step, and we won't email you anything to sign off. Read
 it once more before you add to bag; spelling is the one thing we can't undo.</p>",TRUE,,The part you write.
shipping,Shipping & delivery,"<p class=""note""><strong>Free standard shipping on US orders over $99.</strong> Below that, and
 everywhere outside the US, the rate is in the table below.</p>
     <table class=""ship""><caption>United States</caption>
      <tr><th>Speed</th><th>Delivery</th><th>Cost</th></tr>
      <tr><td>Standard</td><td>2–5 business days</td><td>Free over $99 &middot; otherwise $6.31 + $4.95/item</td></tr>
      <tr><td>Expedited</td><td>1–2 business days</td><td>$12.66 + $4.95/item</td></tr>
    </table>
    <table class=""ship""><caption>Canada</caption>
      <tr><th>Speed</th><th>Delivery</th><th>Cost</th></tr>
      <tr><td>Standard</td><td>4–8 business days</td><td>$9.70 + $4.95/item</td></tr>
      <tr><td>Expedited</td><td>2–5 business days</td><td>$21.50 + $4.95/item</td></tr>
    </table>
    <table class=""ship""><caption>International</caption>
      <tr><th>Speed</th><th>Delivery</th><th>Cost</th></tr>
      <tr><td>Standard</td><td>3–10 business days</td><td>$9.22 + $4.95/item</td></tr>
      <tr><td>Expedited</td><td>2–5 business days</td><td>$24.50 + $4.95/item</td></tr>
    </table>

 <p class=""note"">Delivery time starts when your piece ships, not when you order. Everything is made
 to order, so add production time before the clock above starts.</p>
 <h3>Production time</h3>
 <p>Everything is made to order and takes <strong>3&ndash;5 business days</strong> to make before it
 ships. Add that to the delivery window above when you are ordering for a date.</p>
 <h3>Tracking</h3>
 <p>You'll get a tracking link by email as soon as your order leaves the workshop.</p>
 <h3>Customs and duties</h3>
 <p>International orders may attract import duties or taxes on arrival. Those are set by your country
 and are not included in the price you pay us.</p>",TRUE,,"Where we ship, and how long it takes."
returns,Returns,"<p>Everything we sell is made after you order it, and every order carries a card printed with
 your words. That means none of it can be put back on a shelf and sold to somebody else &mdash; so
 we can't accept a return simply because it wasn't wanted. We'd rather say that plainly here than
 at the point you're asking.</p>
 <h3>If it's faulty, damaged, or not what you submitted</h3>
 <p>We&rsquo;ll remake it and send the replacement free of charge. That covers damage in transit, a fault we should have caught, the wrong item, artwork that isn&rsquo;t what you submitted, and a parcel that has sat in transit for an unreasonable length of time. You won&rsquo;t need to post anything back to us.</p>
<p><strong>Film it, don&rsquo;t photograph it.</strong> A short video showing the piece and the packaging is what opens a remake &mdash; still photographs on their own aren&rsquo;t enough. Send it within <strong>30 days</strong> of delivery, or 55 days if you&rsquo;re outside the US.</p>
 <h3>Typos</h3>
 <p>Email us the moment you spot one. Pieces go into production quickly, so we can't promise to
 catch it &mdash; but if yours hasn't started we'll correct it free of charge, and if it has, we'll
 remake it at our cost rather than yours. Once per order.</p>
 <h3>What we won't produce</h3>
 <p>We won't print or cut personalisation that's unlawful, infringes someone else's trade mark, or
 is abusive. If we decline on those grounds we'll refund you in full.</p>",TRUE,,"What we can take back, and what we can't."
order-status,Order status,"<p>Every order gets a confirmation email straight away, and a second email with tracking when it
 ships. Pieces are made to order and dispatch in <strong>3&ndash;5 business days</strong>.</p>
 <h3>Checking on it</h3>
 <p>Use the tracking link in your shipping email. If it hasn't arrived yet, your piece is still in
 production &mdash; everything is made to order, so there's a gap between confirmation and dispatch.</p>
 <h3>Something's wrong</h3>
 <p>If your tracking hasn't updated in several days, or the estimated date has passed, contact us with
 your order number and we'll chase it.</p>",TRUE,,Where your order is.
care,Jewellery care,"<ul><li>Remove it when bathing or swimming</li><li>Avoid abrasives and household cleaners</li><li>Put it on after perfume, lotion and hairspray — never before</li><li>Store it in its box, away from damp</li><li>Wipe gently with a soft dry cloth</li></ul>
 <h3>Why it matters</h3>
 <p>These are finished pieces rather than solid gold, so the finish is the part that wears. Kept dry
 and stored separately, it lasts years. Worn in a chlorinated pool and left in a damp bathroom, it
 won't.</p>",TRUE,,How to keep it looking new.
contact,Contact us,"<p>Email <strong>support@thedaydreamers.co</strong> and we'll come back to you within one business
 day.</p>
 <p>Include your order number if you have one &mdash; it's in your confirmation email and starts with
 the date you ordered.</p>
 <h3>Before you write</h3>
 <p>If it's about a spelling change, send it as soon as you can. Once a piece has gone into production
 we can't alter it.</p>
 <p><em>[SET UP: a support inbox on the Everword domain before launch. A personal address on a
 different domain undermines everything else on this site.]</em></p>",TRUE,,A real person reads these.
reviews,Reviews,"<p>Everword is new, and we'd rather tell you that than show you five invented five-star reviews.</p>
 <p>When customers start leaving them, they'll appear here and on each product page &mdash; including
 the ones that aren't flattering. Reviews are only worth anything if they're real.</p>
 <p>If you've ordered from us, we'll email you once your piece has had a few weeks to be worn.</p>",TRUE,,We don't have any yet.
privacy,Privacy policy,"<p class=""note""><strong>This is a plain-language draft, not legal advice.</strong> Have it reviewed
 before you take a single order, and make sure it matches what your actual systems do.</p>
 <h3>What we collect</h3>
 <p>Your name, email address, shipping address and order details when you buy something. The
 personalisation you enter &mdash; names, dates, messages &mdash; because we can't make the piece
 without it. Payment is handled by our payment processor; we never see or store your full card
 number.</p>
 <h3>Why we collect it</h3>
 <p>To make and ship your order, to email you about that order, and to answer you when you contact us.
 If you join our newsletter we'll email you about once a month, and you can unsubscribe from any of
 those emails.</p>
 <h3>Who we share it with</h3>
 <p>Our manufacturing and fulfilment partner, so they can make and post your order. Our payment
 processor. Our email provider. Nobody else, and we don't sell your data.</p>
 <h3>How long we keep it</h3>
 <p><em>[DECIDE: retention period for order records, typically driven by tax and accounting
 requirements in your jurisdiction.]</em></p>
 <h3>Your rights</h3>
 <p>You can ask us for a copy of what we hold about you, ask us to correct it, or ask us to delete it.
 Email us and we'll action it. <em>[CONFIRM the specific rights and response deadlines that apply
 under GDPR, UK GDPR and applicable US state privacy laws for the markets you sell into.]</em></p>",TRUE,,"What we collect, and why."
terms,Terms of service,"<p class=""note""><strong>This is a plain-language draft, not legal advice.</strong> Have it reviewed
 before launch.</p>
 <h3>Ordering</h3>
 <p>Placing an order is an offer to buy. We accept it when we email your confirmation. If we can't
 fulfil an order &mdash; a pricing error, or something we can't make &mdash; we'll tell you and refund
 you in full.</p>
 <h3>Personalisation</h3>
 <p>You're responsible for the spelling and content you submit. We produce exactly what you submit. We won't produce personalisation that is unlawful, infringes someone else's trade mark or
 copyright, or is abusive, and we'll refund you if we decline on those grounds.</p>
 <h3>Pricing</h3>
 <p>Prices are shown in USD and may change. Taxes and any import duties are your responsibility unless
 stated at checkout.</p>
 <h3>Our jewellery</h3>
 <p>We describe our materials plainly on the materials page. Finishes are finishes and cubic zirconia
 is cubic zirconia; nothing here is sold as solid gold or as diamond.</p>
 <h3>Liability and law</h3>
 <p><em>[CONFIRM with a lawyer: limitation of liability, governing law and jurisdiction clauses
 appropriate to where the business is registered and where you sell.]</em></p>",TRUE,,The agreement between us.
accessibility,Accessibility,"<p>We want this shop to work for everyone, including people using screen readers, keyboard
 navigation, or browsers set to large text.</p>
 <h3>What we're working towards</h3>
 <p>We're aiming to meet <strong>WCAG 2.2 Level AA</strong>. Practically, that means readable colour
 contrast, every control reachable by keyboard, meaningful alternative text on product photography,
 and forms whose labels are announced properly.</p>
 <h3>Where we know we fall short</h3>
 <p><em>[UPDATE after an audit. Listing known gaps honestly is worth more than claiming full
 compliance.]</em></p>
 <h3>Tell us</h3>
 <p>If something on this site blocked you, email us and describe what happened. We'll fix it and reply
 to tell you when it's done.</p>",TRUE,,What we're aiming for.
cookies,Cookie preferences,"<p class=""note""><em>[SET UP: a real consent tool before launch. This page describes the categories;
 it does not yet control them. Selling into the EU or UK requires working consent, not a description
 of one.]</em></p>
 <h3>Strictly necessary</h3>
 <p>Keeps your bag, your session and your checkout working. These can't be switched off.</p>
 <h3>Analytics</h3>
 <p>Tells us which pages people actually use, so we know what to fix. Aggregated, never used to
 identify you personally.</p>
 <h3>Marketing</h3>
 <p>Lets us measure whether an advert led to an order, and avoid showing you adverts for something you
 already bought.</p>
 <h3>Changing your mind</h3>
 <p>You can change these at any time from this page, and you can clear cookies in your browser
 settings whenever you like.</p>",TRUE,,What runs in your browser.
blog,Journal,"<h3>Gift guide</h3><ul class=""blogls""><li><a href=""#d/b-christmas-top-10"">Top 10 Christmas Jewelry Gifts for Everyone on Your List</a></li><li><a href=""#d/b-valentine-top-10"">Top 10 Valentine's Day Jewelry Gifts</a></li><li><a href=""#d/b-mothers-day-top-10"">Top 10 Mother's Day Jewelry Gifts</a></li><li><a href=""#d/b-birthday-top-10"">Top 10 Birthday Jewelry Gift Ideas</a></li><li><a href=""#d/b-anniversary-guide"">Anniversary Jewelry Gift Guide</a></li><li><a href=""#d/b-graduation-gifts"">Best Graduation Gift Ideas</a></li><li><a href=""#d/b-gifts-every-occasion"">Best Jewelry Gifts for Every Occasion</a></li></ul><h3>Style</h3><ul class=""blogls""><li><a href=""#d/b-layering-guide"">The Ultimate Guide to Layering Necklaces</a></li><li><a href=""#d/b-birthstones"">Birthstone Jewelry: What They Mean and How to Style Them</a></li><li><a href=""#d/b-summer-styling"">How to Style Jewelry for Summer</a></li><li><a href=""#d/b-engraving-ideas"">What to Engrave, When You Don't Know What to Say</a></li><li><a href=""#d/b-promise-rings"">What is a Promise Ring, and Who Gives One</a></li><li><a href=""#d/b-cuff-vs-chain"">Cuff or Chain: Choosing a Bracelet That Stays On</a></li><li><a href=""#d/b-mens-engraved"">Engraved Jewelry for Men, Without the Novelty</a></li></ul><h3>Care</h3><ul class=""blogls""><li><a href=""#d/b-storing"">How to Store Your Jewelry</a></li><li><a href=""#d/b-cleaning"">Jewelry Cleaning Instructions</a></li><li><a href=""#d/b-care-101"">Jewelry Care 101: Keeping Your Pieces Looking New</a></li><li><a href=""#d/b-clean-cz"">How to Clean Cubic Zirconia at Home</a></li></ul><h3>Materials</h3><ul class=""blogls""><li><a href=""#d/b-gold-plated"">Gold Plated Jewelry: What It Is and How to Keep It</a></li><li><a href=""#d/b-cz-honestly"">Cubic Zirconia, Honestly</a></li><li><a href=""#d/b-rose-gold"">The Rose Gold Edit</a></li><li><a href=""#d/b-stainless"">Stainless Steel, and Why We Use It</a></li></ul><h3>Trends</h3><ul class=""blogls""><li><a href=""#d/b-gender-neutral"">The Rise of Gender-Neutral Jewelry</a></li><li><a href=""#d/b-minimalist"">Minimalist Jewelry: Minimal Pieces, Maximum Impact</a></li><li><a href=""#d/b-celebrity-trends"">Jewelry Trends Inspired by Celebrities</a></li><li><a href=""#d/b-spring-trends"">Spring Jewelry Trends: Fresh Looks and the Art of Stacking</a></li><li><a href=""#d/b-festival"">Festival Jewelry: Bold Accessories for Every Event</a></li></ul>",TRUE,,"Gift guides, styling and the occasional straight answer."
jewelry-guide,Jewelry Guide,"<h3>Size Guides</h3><ul class=""blogls""><li><a href=""#d/g-ring-size-guide"">Ring Size Guide</a></li><li><a href=""#d/g-bracelet-guide"">Bracelet Guide</a></li><li><a href=""#d/g-necklace-guide"">Necklace Guide</a></li><li><a href=""#d/g-watch-guide"">Watch Guide</a></li></ul><h3>Style Inspiration</h3><ul class=""blogls""><li><a href=""#d/g-layer-necklaces"">How to Layer Necklaces</a></li><li><a href=""#d/g-personalize-bracelet"">How to Personalize a Bracelet</a></li><li><a href=""#d/g-style-rings"">How to Style Rings</a></li><li><a href=""#d/g-chain-length"">How to Choose a Chain Length</a></li><li><a href=""#d/g-style-name-necklace"">How to Style a Name Necklace</a></li></ul><h3>Jewelry Education</h3><ul class=""blogls""><li><a href=""#d/g-clean-jewelry"">How to Clean Your Jewelry</a></li><li><a href=""#d/g-store-jewelry"">How to Store Your Jewelry</a></li><li><a href=""#d/g-cubic-zirconia"">What is Cubic Zirconia</a></li><li><a href=""#d/g-gold-plating"">About Gold Plating</a></li><li><a href=""#d/g-stainless-steel"">Stainless Steel, and Why We Use It</a></li><li><a href=""#d/g-promise-ring"">What is a Promise Ring</a></li></ul><h3>Gift Guides</h3><ul class=""blogls""><li><a href=""#d/g-gifts-birthday"">Birthday Gift Ideas</a></li><li><a href=""#d/g-gifts-wedding"">Wedding Gift Ideas</a></li><li><a href=""#d/g-gifts-mom"">Gifts for Mom</a></li><li><a href=""#d/g-gifts-christmas"">Christmas Gift Ideas</a></li><li><a href=""#d/g-gifts-valentine"">Valentine's Gift Ideas</a></li><li><a href=""#d/g-gifts-seasonal"">Seasonal Gift Ideas</a></li></ul>",TRUE,,"Sizes, styling and what things are made of."
atelier,The Atelier,"<p>At Everword, we do not pull finished personalized pieces from a shelf. Every custom necklace, engraved bar, and bespoke keepsake begins as a blank canvas, waiting for your specific chapter to
be written. The journey of your gift starts the exact moment you place your order.</p>

<h3>Shaped to Your Story</h3>
<p>Your words dictate the physical form of the jewelry. When you design a custom name necklace, the
typography is precision-scaled to your exact spelling and capitalization. A three-letter name and an
eleven-letter name are physically different architectural structures, each one cut from a single sheet and hung to sit at the collarbone. What you type is exactly what is cut &mdash; a true, unedited reflection
of your sentiment.</p>

<h3>Precision Craftsmanship</h3>
<p>State-of-the-art precision cutting and engraving technology brings your design to life. Working exclusively with durable, everyday materials &mdash; stainless steel, radiant 18K gold finishes, and clear cubic zirconia &mdash; every
piece is crafted with modern endurance in mind. For our wooden timepieces, the natural grain dictates
the design, ensuring no two watches will ever be identical.</p>

<h3>The Uncompromising Standard</h3>
<p>We believe that a gift meant to mark a milestone must be flawless. Before any piece leaves the
facility, it is inspected. A piece that does not pass is not shipped &mdash; it goes back and is made
again, which adds about two days. This uncompromising standard takes a little extra time, but it
ensures your gift is worthy of the occasion.</p>

<h3>The Art of the Reveal</h3>
<p>The magic of an Everword gift is in the presentation. Your custom message card is printed
alongside your jewelry and placed face-up in the lid of our Signature Everword Box, or your chosen
Luxe upgrade. It is intentionally designed to be the very first thing they see when they lift the
lid &mdash; ensuring your words are felt before the jewelry is even worn.</p>

<h3>The Journey Home</h3>
<p>Because true intentionality cannot be rushed, your piece takes three to five business days to cut,
plate, inspect and package, and production runs on weekdays. Then it ships, and delivery within the
United States is a further two to five business days.</p>",TRUE,,"Before you find the right words, your piece does not exist."
everword-world,The Everword World,"<p>A personalised piece has a strange property: it is worth a great deal to exactly one
person and almost nothing to anyone else. That is the opposite of how jewellery usually works, and it
is the whole reason this brand exists.</p>
<p>So the things we make are not aimed at an aesthetic. They are aimed at a moment &mdash; the
graduation, the first year, the one that is missing from the table. The metal is the durable part.
The words are the gift.</p>
<h3>What you will find here</h3>
<p>Names cut in script. Dates engraved down the side of a bar. A stone for a birth month. Three
watches with something on the caseback. And a printed card in the lid of every box, because the
object on its own has never been the point.</p>
<h3>What you will not</h3>
<p>Diamonds we are calling diamonds when they are cubic zirconia. Solid gold we are calling solid
gold when it is a finish over steel. Sale prices that were never the real price.</p>",TRUE,,Why a name changes what an object is worth.
ring-size-guide,Ring Size Guide,"<p class=""pend"">This piece is being written. The outline is set and it is on the editorial calendar &mdash; check back, or <a href=""#d/contact"">ask us</a> if you want it sooner.</p>",TRUE,,Size Guides
bracelet-guide,Bracelet Guide,"<p class=""pend"">This piece is being written. The outline is set and it is on the editorial calendar &mdash; check back, or <a href=""#d/contact"">ask us</a> if you want it sooner.</p>",TRUE,,Size Guides
necklace-guide,Necklace Guide,"<p class=""pend"">This piece is being written. The outline is set and it is on the editorial calendar &mdash; check back, or <a href=""#d/contact"">ask us</a> if you want it sooner.</p>",TRUE,,Size Guides
watch-guide,Watch Guide,"<p class=""pend"">This piece is being written. The outline is set and it is on the editorial calendar &mdash; check back, or <a href=""#d/contact"">ask us</a> if you want it sooner.</p>",TRUE,,Size Guides
layer-necklaces,How to Layer Necklaces,"<p class=""pend"">This piece is being written. The outline is set and it is on the editorial calendar &mdash; check back, or <a href=""#d/contact"">ask us</a> if you want it sooner.</p>",TRUE,,Style Inspiration
personalize-bracelet,How to Personalize a Bracelet,"<p class=""pend"">This piece is being written. The outline is set and it is on the editorial calendar &mdash; check back, or <a href=""#d/contact"">ask us</a> if you want it sooner.</p>",TRUE,,Style Inspiration
style-rings,How to Style Rings,"<p class=""pend"">This piece is being written. The outline is set and it is on the editorial calendar &mdash; check back, or <a href=""#d/contact"">ask us</a> if you want it sooner.</p>",TRUE,,Style Inspiration
chain-length,How to Choose a Chain Length,"<p class=""pend"">This piece is being written. The outline is set and it is on the editorial calendar &mdash; check back, or <a href=""#d/contact"">ask us</a> if you want it sooner.</p>",TRUE,,Style Inspiration
style-name-necklace,How to Style a Name Necklace,"<p class=""pend"">This piece is being written. The outline is set and it is on the editorial calendar &mdash; check back, or <a href=""#d/contact"">ask us</a> if you want it sooner.</p>",TRUE,,Style Inspiration
clean-jewelry,How to Clean Your Jewelry,"<p class=""pend"">This piece is being written. The outline is set and it is on the editorial calendar &mdash; check back, or <a href=""#d/contact"">ask us</a> if you want it sooner.</p>",TRUE,,Jewelry Education
store-jewelry,How to Store Your Jewelry,"<p class=""pend"">This piece is being written. The outline is set and it is on the editorial calendar &mdash; check back, or <a href=""#d/contact"">ask us</a> if you want it sooner.</p>",TRUE,,Jewelry Education
cubic-zirconia,What is Cubic Zirconia,"<p class=""pend"">This piece is being written. The outline is set and it is on the editorial calendar &mdash; check back, or <a href=""#d/contact"">ask us</a> if you want it sooner.</p>",TRUE,,Jewelry Education
gold-plating,About Gold Plating,"<p class=""pend"">This piece is being written. The outline is set and it is on the editorial calendar &mdash; check back, or <a href=""#d/contact"">ask us</a> if you want it sooner.</p>",TRUE,,Jewelry Education
stainless-steel,"Stainless Steel, and Why We Use It","<p class=""pend"">This piece is being written. The outline is set and it is on the editorial calendar &mdash; check back, or <a href=""#d/contact"">ask us</a> if you want it sooner.</p>",TRUE,,Jewelry Education
promise-ring,What is a Promise Ring,"<p class=""pend"">This piece is being written. The outline is set and it is on the editorial calendar &mdash; check back, or <a href=""#d/contact"">ask us</a> if you want it sooner.</p>",TRUE,,Jewelry Education
gifts-birthday,Birthday Gift Ideas,"<p class=""pend"">This piece is being written. The outline is set and it is on the editorial calendar &mdash; check back, or <a href=""#d/contact"">ask us</a> if you want it sooner.</p>",TRUE,,Gift Guides
gifts-wedding,Wedding Gift Ideas,"<p class=""pend"">This piece is being written. The outline is set and it is on the editorial calendar &mdash; check back, or <a href=""#d/contact"">ask us</a> if you want it sooner.</p>",TRUE,,Gift Guides
gifts-mom,Gifts for Mom,"<p class=""pend"">This piece is being written. The outline is set and it is on the editorial calendar &mdash; check back, or <a href=""#d/contact"">ask us</a> if you want it sooner.</p>",TRUE,,Gift Guides
gifts-christmas,Christmas Gift Ideas,"<p class=""pend"">This piece is being written. The outline is set and it is on the editorial calendar &mdash; check back, or <a href=""#d/contact"">ask us</a> if you want it sooner.</p>",TRUE,,Gift Guides
gifts-valentine,Valentine's Gift Ideas,"<p class=""pend"">This piece is being written. The outline is set and it is on the editorial calendar &mdash; check back, or <a href=""#d/contact"">ask us</a> if you want it sooner.</p>",TRUE,,Gift Guides
gifts-seasonal,Seasonal Gift Ideas,"<p class=""pend"">This piece is being written. The outline is set and it is on the editorial calendar &mdash; check back, or <a href=""#d/contact"">ask us</a> if you want it sooner.</p>",TRUE,,Gift Guides
